{
  "regions": [
    {
      "id": "andes",
      "name_en": "Andes",
      "name_es": "Andes",
      "locations": [
        {
          "id": "banos",
          "name_en": "Banos",
          "name_es": "Baños"
        },
        {
          "id": "chocoandino",
          "name_en": "Choco Andino",
          "name_es": "Chocó Andino"
        },
        {
          "id": "cotacachi",
          "name_en": "Cotacachi",
          "name_es": "Cotacachi"
        },
        {
          "id": "cotopaxi",
          "name_en": "Cotopaxi",
          "name_es": "Cotopaxi"
        },
        {
          "id": "cuenca",
          "name_en": "Cuenca",
          "name_es": "Cuenca"
        },
        {
          "id": "mindo",
          "name_en": "Mindo",
          "name_es": "Mindo"
        },
        {
          "id": "otavalo",
          "name_en": "Otavalo",
          "name_es": "Otavalo"
        },
        {
          "id": "papallacta",
          "name_en": "Papallacta",
          "name_es": "Papallacta"
        },
        {
          "id": "quito",
          "name_en": "Quito",
          "name_es": "Quito"
        },
        {
          "id": "zuleta",
          "name_en": "Zuleta",
          "name_es": "Zuleta"
        }
      ]
    },
    {
      "id": "coast",
      "name_en": "Coast",
      "name_es": "Costa",
      "locations": [
        {
          "id": "guayaquil",
          "name_en": "Guayaquil",
          "name_es": "Guayaquil"
        },
        {
          "id": "larutadelsol",
          "name_en": "La Ruta del Sol",
          "name_es": "La Ruta del Sol"
        },
        {
          "id": "montanita",
          "name_en": "Montanita",
          "name_es": "Montañita"
        },
        {
          "id": "puertolopez",
          "name_en": "Puerto Lopez",
          "name_es": "Puerto López"
        },
        {
          "id": "salinas",
          "name_en": "Salinas",
          "name_es": "Salinas"
        }
      ]
    },
    {
      "id": "amazon",
      "name_en": "Amazon",
      "name_es": "Amazonia",
      "locations": [
        {
          "id": "tena",
          "name_en": "Tena",
          "name_es": "Tena"
        },
        {
          "id": "misahualli",
          "name_en": "Misahualli",
          "name_es": "Misahuallí"
        },
        {
          "id": "yasuninationalpark",
          "name_en": "Yasuni National Park",
          "name_es": "Yasuní National Park"
        },
        {
          "id": "cuyabenowildlifereserve",
          "name_en": "Cuyabeno Wildlife Reserve",
          "name_es": "Cuyabeno Wildlife Reserve"
        }
      ]
    },
    {
      "id": "galapagos",
      "name_en": "Galapagos",
      "name_es": "Galápagos",
      "locations": [
        {
          "id": "floreanaisland",
          "name_en": "Floreana Island",
          "name_es": "Isla Floreana"
        },
        {
          "id": "isabelaisland",
          "name_en": "Isabela Island",
          "name_es": "Isla Isabela"
        },
        {
          "id": "sancristobalisland",
          "name_en": "San Cristobal Island",
          "name_es": "Isla San Cristóbal"
        },
        {
          "id": "santacruzisland",
          "name_en": "Santa Cruz Island",
          "name_es": "Isla Santa Cruz"
        }
      ]
    }
  ]
}
